{
  "accuracy_report": 0.8375,
  "precision_weighted": 0.8383736559139784,
  "recall_weighted": 0.8375,
  "f1_weighted": 0.8320433345752095,
  "GENERATING COMMUNICATIVE TEXT.precision": 0.8,
  "GENERATING COMMUNICATIVE TEXT.recall": 0.5714285714285714,
  "GENERATING COMMUNICATIVE TEXT.f1_score": 0.6666666666666666,
  "GENERATING COMMUNICATIVE TEXT.support": 35,
  "INFORMATION SEARCH.precision": 0.9,
  "INFORMATION SEARCH.recall": 0.9375,
  "INFORMATION SEARCH.f1_score": 0.9183673469387755,
  "INFORMATION SEARCH.support": 48,
  "SOFTWARE DEVELOPMENT.precision": 1.0,
  "SOFTWARE DEVELOPMENT.recall": 0.8888888888888888,
  "SOFTWARE DEVELOPMENT.f1_score": 0.9411764705882353,
  "SOFTWARE DEVELOPMENT.support": 9,
  "GENERATING CREATIVE TEXT.precision": 0.7741935483870968,
  "GENERATING CREATIVE TEXT.recall": 0.8888888888888888,
  "GENERATING CREATIVE TEXT.f1_score": 0.8275862068965517,
  "GENERATING CREATIVE TEXT.support": 54,
  "HOMEWORK PROBLEM.precision": 0.8666666666666667,
  "HOMEWORK PROBLEM.recall": 0.9285714285714286,
  "HOMEWORK PROBLEM.f1_score": 0.896551724137931,
  "HOMEWORK PROBLEM.support": 14,
  "train_time_seconds": 15.916647942736745,
  "test_time_seconds": 0.19927401654422283
}