{
  "accuracy_report": 0.8844621513944223,
  "precision_weighted": 0.8869390164210882,
  "recall_weighted": 0.8844621513944223,
  "f1_weighted": 0.8823523119948325,
  "GENERATING COMMUNICATIVE TEXT.precision": 0.9090909090909091,
  "GENERATING COMMUNICATIVE TEXT.recall": 0.7272727272727273,
  "GENERATING COMMUNICATIVE TEXT.f1_score": 0.8080808080808081,
  "GENERATING COMMUNICATIVE TEXT.support": 55,
  "INFORMATION SEARCH.precision": 0.8765432098765432,
  "INFORMATION SEARCH.recall": 0.9466666666666667,
  "INFORMATION SEARCH.f1_score": 0.9102564102564102,
  "INFORMATION SEARCH.support": 75,
  "SOFTWARE DEVELOPMENT.precision": 1.0,
  "SOFTWARE DEVELOPMENT.recall": 0.8461538461538461,
  "SOFTWARE DEVELOPMENT.f1_score": 0.9166666666666666,
  "SOFTWARE DEVELOPMENT.support": 13,
  "GENERATING CREATIVE TEXT.precision": 0.8571428571428571,
  "GENERATING CREATIVE TEXT.recall": 0.9069767441860465,
  "GENERATING CREATIVE TEXT.f1_score": 0.8813559322033898,
  "GENERATING CREATIVE TEXT.support": 86,
  "HOMEWORK PROBLEM.precision": 0.9166666666666666,
  "HOMEWORK PROBLEM.recall": 1.0,
  "HOMEWORK PROBLEM.f1_score": 0.9565217391304348,
  "HOMEWORK PROBLEM.support": 22,
  "train_time_seconds": 14.574074381962419,
  "test_time_seconds": 0.34787892922759056
}