{
  "accuracy_report": 0.8645418326693227,
  "precision_weighted": 0.8667245761886069,
  "recall_weighted": 0.8645418326693227,
  "f1_weighted": 0.863740066927318,
  "GENERATING COMMUNICATIVE TEXT.precision": 0.7924528301886793,
  "GENERATING COMMUNICATIVE TEXT.recall": 0.7636363636363637,
  "GENERATING COMMUNICATIVE TEXT.f1_score": 0.7777777777777778,
  "GENERATING COMMUNICATIVE TEXT.support": 55,
  "INFORMATION SEARCH.precision": 0.8395061728395061,
  "INFORMATION SEARCH.recall": 0.9066666666666666,
  "INFORMATION SEARCH.f1_score": 0.8717948717948718,
  "INFORMATION SEARCH.support": 75,
  "SOFTWARE DEVELOPMENT.precision": 1.0,
  "SOFTWARE DEVELOPMENT.recall": 0.6923076923076923,
  "SOFTWARE DEVELOPMENT.f1_score": 0.8181818181818182,
  "SOFTWARE DEVELOPMENT.support": 13,
  "GENERATING CREATIVE TEXT.precision": 0.8837209302325582,
  "GENERATING CREATIVE TEXT.recall": 0.8837209302325582,
  "GENERATING CREATIVE TEXT.f1_score": 0.8837209302325582,
  "GENERATING CREATIVE TEXT.support": 86,
  "HOMEWORK PROBLEM.precision": 1.0,
  "HOMEWORK PROBLEM.recall": 1.0,
  "HOMEWORK PROBLEM.f1_score": 1.0,
  "HOMEWORK PROBLEM.support": 22,
  "train_time_seconds": 7047.190398596227,
  "test_time_seconds": 1.2579025588929653
}