{
  "accuracy_report": 0.81875,
  "precision_weighted": 0.821607613361887,
  "recall_weighted": 0.81875,
  "f1_weighted": 0.8145713120757723,
  "GENERATING COMMUNICATIVE TEXT.precision": 0.7741935483870968,
  "GENERATING COMMUNICATIVE TEXT.recall": 0.6857142857142857,
  "GENERATING COMMUNICATIVE TEXT.f1_score": 0.7272727272727273,
  "GENERATING COMMUNICATIVE TEXT.support": 35,
  "INFORMATION SEARCH.precision": 0.8936170212765957,
  "INFORMATION SEARCH.recall": 0.875,
  "INFORMATION SEARCH.f1_score": 0.8842105263157894,
  "INFORMATION SEARCH.support": 48,
  "SOFTWARE DEVELOPMENT.precision": 0.8,
  "SOFTWARE DEVELOPMENT.recall": 0.4444444444444444,
  "SOFTWARE DEVELOPMENT.f1_score": 0.5714285714285714,
  "SOFTWARE DEVELOPMENT.support": 9,
  "GENERATING CREATIVE TEXT.precision": 0.765625,
  "GENERATING CREATIVE TEXT.recall": 0.9074074074074074,
  "GENERATING CREATIVE TEXT.f1_score": 0.8305084745762712,
  "GENERATING CREATIVE TEXT.support": 54,
  "HOMEWORK PROBLEM.precision": 0.9230769230769231,
  "HOMEWORK PROBLEM.recall": 0.8571428571428571,
  "HOMEWORK PROBLEM.f1_score": 0.8888888888888888,
  "HOMEWORK PROBLEM.support": 14,
  "train_time_seconds": 2959.4729526322335,
  "test_time_seconds": 0.8755263593047857
}