{
  "accuracy_report": 0.852589641434263,
  "precision_weighted": 0.8620717131474104,
  "recall_weighted": 0.852589641434263,
  "f1_weighted": 0.8499584006926454,
  "GENERATING COMMUNICATIVE TEXT.precision": 0.86,
  "GENERATING COMMUNICATIVE TEXT.recall": 0.7818181818181819,
  "GENERATING COMMUNICATIVE TEXT.f1_score": 0.819047619047619,
  "GENERATING COMMUNICATIVE TEXT.support": 55,
  "INFORMATION SEARCH.precision": 0.8933333333333333,
  "INFORMATION SEARCH.recall": 0.8933333333333333,
  "INFORMATION SEARCH.f1_score": 0.8933333333333333,
  "INFORMATION SEARCH.support": 75,
  "SOFTWARE DEVELOPMENT.precision": 1.0,
  "SOFTWARE DEVELOPMENT.recall": 0.46153846153846156,
  "SOFTWARE DEVELOPMENT.f1_score": 0.631578947368421,
  "SOFTWARE DEVELOPMENT.support": 13,
  "GENERATING CREATIVE TEXT.precision": 0.78,
  "GENERATING CREATIVE TEXT.recall": 0.9069767441860465,
  "GENERATING CREATIVE TEXT.f1_score": 0.8387096774193549,
  "GENERATING CREATIVE TEXT.support": 86,
  "HOMEWORK PROBLEM.precision": 1.0,
  "HOMEWORK PROBLEM.recall": 0.9090909090909091,
  "HOMEWORK PROBLEM.f1_score": 0.9523809523809523,
  "HOMEWORK PROBLEM.support": 22,
  "train_time_seconds": 56.86009673215449,
  "test_time_seconds": 0.3869762606918812
}