{
  "accuracy_report": 0.81875,
  "precision_weighted": 0.8348863636363637,
  "recall_weighted": 0.81875,
  "f1_weighted": 0.8141798000562233,
  "GENERATING COMMUNICATIVE TEXT.precision": 0.7878787878787878,
  "GENERATING COMMUNICATIVE TEXT.recall": 0.7428571428571429,
  "GENERATING COMMUNICATIVE TEXT.f1_score": 0.7647058823529411,
  "GENERATING COMMUNICATIVE TEXT.support": 35,
  "INFORMATION SEARCH.precision": 0.9111111111111111,
  "INFORMATION SEARCH.recall": 0.8541666666666666,
  "INFORMATION SEARCH.f1_score": 0.8817204301075269,
  "INFORMATION SEARCH.support": 48,
  "SOFTWARE DEVELOPMENT.precision": 1.0,
  "SOFTWARE DEVELOPMENT.recall": 0.3333333333333333,
  "SOFTWARE DEVELOPMENT.f1_score": 0.5,
  "SOFTWARE DEVELOPMENT.support": 9,
  "GENERATING CREATIVE TEXT.precision": 0.7272727272727273,
  "GENERATING CREATIVE TEXT.recall": 0.8888888888888888,
  "GENERATING CREATIVE TEXT.f1_score": 0.8,
  "GENERATING CREATIVE TEXT.support": 54,
  "HOMEWORK PROBLEM.precision": 1.0,
  "HOMEWORK PROBLEM.recall": 0.9285714285714286,
  "HOMEWORK PROBLEM.f1_score": 0.9629629629629629,
  "HOMEWORK PROBLEM.support": 14,
  "train_time_seconds": 29.147289775311947,
  "test_time_seconds": 0.263195276260376
}